42,-0.0192937,-0.03272602,-1.00547,
43,-0.01978215,-0.03297025,-1.009134,
44,-0.01978215,-0.03297025,-1.009134,
45,-0.01733991,-0.0324818,-1.009378,
46,-0.01636301,-0.03272602,-1.004493,
47,-0.01636301,-0.03272602,-1.004493,
48,-0.01733991,-0.03126068,-1.008645,
49,-0.01758413,-0.03101645,-1.004982,
50,-0.01758413,-0.03101645,-1.004982,
51,-0.01758413,-0.0315049,-1.006936,
52,-0.01807258,-0.03126068,-1.009378,
53,-0.01807258,-0.03126068,-1.009378,
54,-0.01904947,-0.03101645,-1.008157,
55,-0.01904947,-0.03199335,-1.008645,
56,-0.01904947,-0.03199335,-1.008645,
57,-0.01904947,-0.03101645,-1.004982,
58,-0.01904947,-0.03101645,-1.004982,
59,-0.01904947,-0.03101645,-1.004982,
60,-0.01880525,-0.0324818,-1.007668,
61,-0.01880525,-0.0324818,-1.007668,
62,-0.01978215,-0.03174912,-1.007913,
63,-0.01978215,-0.03174912,-1.007913,
64,-0.01904947,-0.03223757,-1.005715,
65,-0.01904947,-0.03223757,-1.005715,
66,-0.01904947,-0.0324818,-1.009378,
67,-0.01904947,-0.0324818,-1.009378,
68,-0.01904947,-0.03467981,-1.007424,
69,-0.01904947,-0.03467981,-1.007424,
70,-0.01904947,-0.03467981,-1.007424,
71,-0.02075904,-0.03223757,-1.002784,
72,-0.02124749,-0.03321447,-1.003761,
73,-0.02124749,-0.03321447,-1.003761,
74,-0.02173594,-0.03394714,-1.004249,
75,-0.02173594,-0.03394714,-1.004249,
76,-0.01904947,-0.0324818,-1.007668,
77,-0.01904947,-0.0324818,-1.007668,
78,-0.01953792,-0.03272602,-1.005226,
79,-0.01953792,-0.03272602,-1.005226,
80,-0.0192937,-0.03199335,-1.008401,
81,-0.0192937,-0.03199335,-1.008401,
82,-0.02051482,-0.03394714,-1.005715,
83,-0.02051482,-0.03394714,-1.005715,
84,-0.02588775,-0.03932007,-1.00889,
85,-0.02588775,-0.03932007,-1.00889,
86,-0.01953792,-0.0315049,-1.007913,
87,-0.01953792,-0.0315049,-1.007913,
88,-0.01099008,-0.02979533,-1.006447,
89,-0.01099008,-0.02979533,-1.006447,
90,-0.01953792,-0.03297025,-1.006691,
91,-0.01953792,-0.03297025,-1.006691,
92,-0.02198016,-0.03785472,-1.008157,
93,-0.02198016,-0.03785472,-1.008157,
94,-0.02295706,-0.02881844,-1.007424,
95,-0.01904947,-0.02710887,-1.006936,
96,-0.01489767,-0.02881844,-1.00889,
97,-0.01489767,-0.02881844,-1.00889,
98,-0.01392077,-0.03028378,-1.006203,
99,-0.01392077,-0.03028378,-1.006203,
100,-0.01392077,-0.03028378,-1.006203,
101,-0.02051482,-0.03028378,-1.009134,
102,-0.02173594,-0.02832999,-1.006203,
103,-0.02173594,-0.02832999,-1.006203,
104,-0.02002637,-0.03028378,-1.008157,
105,-0.02002637,-0.03028378,-1.008157,
106,-0.02002637,-0.03028378,-1.008157,
107,-0.01587456,-0.03101645,-1.006936,
108,-0.01709568,-0.02979533,-1.004493,
109,-0.01709568,-0.02979533,-1.004493,
110,-0.01636301,-0.02808576,-1.006936,
111,-0.01636301,-0.02808576,-1.006936,
112,-0.0183168,-0.0315049,-1.008645,
113,-0.0183168,-0.0315049,-1.008645,
114,-0.01904947,-0.03199335,-1.003272,
115,-0.01904947,-0.03199335,-1.003272,
116,-0.01807258,-0.03003955,-1.008157,
117,-0.01807258,-0.03003955,-1.008157,
118,-0.01660723,-0.03077223,-1.005715,
119,-0.01953792,-0.03199335,-1.00718,
120,-0.02075904,-0.03297025,-1.00889,
121,-0.02075904,-0.03297025,-1.00889,
122,-0.0202706,-0.03345869,-1.009134,
123,-0.0202706,-0.03345869,-1.009134,
124,-0.01880525,-0.03077223,-1.006936,
125,-0.01880525,-0.0315049,-1.009378,
126,-0.01709568,-0.03321447,-1.005959,
127,-0.01709568,-0.03321447,-1.005959,
128,-0.02149171,-0.03345869,-1.005959,
129,-0.02149171,-0.03345869,-1.005959,
130,-0.02198016,-0.03297025,-1.006691,
131,-0.0202706,-0.03443559,-1.005959,
132,-0.0202706,-0.03443559,-1.005959,
133,-0.01758413,-0.03492404,-1.012309,
134,-0.01758413,-0.03492404,-1.012309,
135,-0.02100327,-0.03272602,-1.001318,
136,-0.01904947,-0.03272602,-1.006936,
137,-0.01904947,-0.03272602,-1.006936,
138,-0.02173594,-0.02857421,-1.008645,
139,-0.02173594,-0.02857421,-1.008645,
140,-0.01563034,-0.03028378,-1.018658,
141,-0.01685146,-0.02881844,-1.012553,
142,-0.01685146,-0.02881844,-1.012553,
143,-0.01685146,-0.02881844,-1.012553,
144,-0.006105601,-0.02979533,-1.002784,
145,-0.006105601,-0.02979533,-1.002784,
146,0.00244224,-0.03834317,-1.011332,
147,0.00244224,-0.03834317,-1.011332,
148,0.00244224,-0.03834317,-1.011332,
149,-0.04200653,0.004396033,-0.9812921,
150,-0.04200653,0.004396033,-0.9812921,
151,-0.04200653,0.004396033,-0.9812921,
152,-0.05543885,0.04615834,-0.9866651,
153,-0.04005274,0.01611879,-1.029893,
154,-0.04005274,0.01611879,-1.029893,
155,-0.04005274,0.01611879,-1.029893,
156,-0.01880525,0.03419136,-0.9993648,
157,-0.01880525,0.03419136,-0.9993648,
158,-0.01880525,0.03419136,-0.9993648,
159,0.02051482,0.05519463,-1.019635,
160,0.02051482,0.05519463,-1.019635,
161,0.02051482,0.05519463,-1.019635,
162,0.07839592,0.005861376,-1.082645,
163,0.07839592,0.005861376,-1.082645,
164,0.07839592,0.005861376,-1.082645,
165,0.1997753,-0.01074586,-1.022078,
166,0.1997753,-0.01074586,-1.022078,
167,0.1697357,0.02906266,-1.073365,
168,0.1792604,0.03223757,-1.036487,
169,0.1792604,0.03223757,-1.036487,
170,0.3228642,0.01514189,-0.9502757,
171,0.3228642,0.01514189,-0.9502757,
172,0.3228642,0.01514189,-0.9502757,
173,0.2180921,0.07155764,-1.014018,
174,0.2180921,0.07155764,-1.014018,
175,0.2180921,0.07155764,-1.014018,
176,0.5231279,-0.008547841,-0.8418402,
177,0.5231279,-0.008547841,-0.8418402,
178,0.5231279,-0.008547841,-0.8418402,
179,0.4689102,0.01611879,-0.8945926,
180,0.4689102,0.01611879,-0.8945926,
181,0.4689102,0.01611879,-0.8945926,
182,0.618131,-0.03687783,-0.7995895,
183,0.8093584,-0.03370291,-0.7573387,
184,0.8093584,-0.03370291,-0.7573387,
185,0.6215501,0.01172275,-0.9419721,
186,0.6215501,0.01172275,-0.9419721,
187,0.6215501,0.01172275,-0.9419721,
188,0.7778535,-0.0742441,-0.3568113,
189,0.7778535,-0.0742441,-0.3568113,
190,0.7778535,-0.0742441,-0.3568113,
191,0.7778535,-0.0742441,-0.3568113,
192,0.7778535,-0.0742441,-0.3568113,
193,0.7778535,-0.0742441,-0.3568113,
194,0.7778535,-0.0742441,-0.3568113,
195,0.998632,0.04249498,-0.02124749,
196,0.998632,0.04249498,-0.02124749,
197,0.01147853,-0.9214573,0.03785472,
198,0.02393396,-0.8367115,0.05861377,
199,0.02393396,-0.8367115,0.05861377,
200,0.01025741,-0.8379327,0.1782835,
201,-0.0324818,-0.8577148,0.3216431,
202,-0.07864013,-0.9253648,0.4132271,
203,-0.07864013,-0.9253648,0.4132271,
204,-0.09646849,-0.7800515,0.4740388,
205,-0.09646849,-0.7800515,0.4740388,
206,-0.06471937,-0.618131,0.5070091,
207,-0.04200653,-0.6169099,0.660626,
208,-0.04200653,-0.6169099,0.660626,
209,-0.04200653,-0.6169099,0.660626,
210,-0.01343232,-0.2669369,0.9436816,
211,-0.01343232,-0.2669369,0.9436816,
212,-0.005372928,-0.3414252,0.8845794,
213,-0.04493722,-0.4791676,0.7018999,
214,-0.04493722,-0.4791676,0.7018999,
215,0.04298343,-0.2918477,0.9121767,
216,0.04298343,-0.2918477,0.9121767,
217,0.04298343,-0.2918477,0.9121767,
218,0.1142968,-0.2227323,1.484882,
219,0.09573583,-0.1687588,0.1001318,
220,0.09573583,-0.1687588,0.1001318,
221,0.09622426,0.08425729,0.8757873,
222,0.09622426,0.08425729,0.8757873,
223,0.09622426,0.08425729,0.8757873,
224,0.00122112,-0.2163825,1.086064,
225,0.00122112,-0.2163825,1.086064,
226,0.00122112,-0.2163825,1.086064,
227,0.04078541,-0.004640257,1.325648,
228,0.03394714,-0.004640257,0.9710348,
229,0.03394714,-0.004640257,0.9710348,
230,-0.01050163,-0.07326721,0.9727443,
231,-0.01050163,-0.07326721,0.9727443,
232,-0.04713524,-0.1099008,1.125384,
233,-0.04713524,-0.1099008,1.125384,
234,0.01343232,0.075221,1.008157,
235,0.01343232,0.075221,1.008157,
236,-0.06789428,-0.0112343,1.058467,
237,-0.06789428,-0.0112343,1.058467,
238,-0.01807258,-0.01172275,0.9937475,
239,-0.01807258,-0.01172275,0.9937475,
240,-0.01563034,-0.02271283,0.9971667,
241,-0.01563034,-0.02271283,0.9971667,
242,-0.008792065,0.007326721,0.9949687,
243,-0.0192937,-0.01465344,1.014995,
244,-0.0192937,-0.01465344,1.014995,
245,-0.0192937,-0.01465344,1.014995,
246,-0.02491085,-0.02613197,0.9991205,
247,-0.02491085,-0.02613197,0.9991205,
248,-0.02491085,-0.02613197,0.9991205,
249,-0.01538611,-0.01025741,0.9998531,
250,-0.01709568,-0.01147853,1.002051,
251,-0.01709568,-0.01147853,1.002051,
252,-0.01709568,-0.01001319,0.9993648,
253,-0.01709568,-0.01001319,0.9993648,
254,-0.01733991,-0.009524737,1.000097,
255,-0.01733991,-0.009524737,1.000097,
256,-0.01733991,-0.009524737,1.000097,
257,-0.01733991,-0.009524737,1.000097,
258,-0.01709568,-0.008792065,1.000586,
259,-0.01709568,-0.008792065,1.000586,
260,-0.01709568,-0.008792065,1.000586,
261,-0.01685146,-0.008792065,0.9996089,
262,-0.01685146,-0.008792065,0.9996089,
263,-0.01685146,-0.008792065,0.9996089,
264,-0.01807258,-0.008303617,0.9991205,
265,-0.01807258,-0.008303617,0.9991205,
266,-0.01636301,-0.007815169,1.001807,
267,-0.01636301,-0.007815169,1.001807,
268,-0.01636301,-0.007815169,1.001807,
269,-0.01807258,-0.007815169,1.002295,
270,-0.01807258,-0.007815169,1.002295,
271,-0.01807258,-0.007815169,1.002295,
272,-0.01587456,-0.009768961,1.00083,
273,-0.01587456,-0.009768961,1.00083,
274,-0.01587456,-0.009768961,1.00083,
275,-0.01538611,-0.008547841,1.000097,
276,-0.01856103,-0.007082497,1.001074,
277,-0.02100327,-0.006349825,0.9981436,
278,-0.02100327,-0.006349825,0.9981436,
279,-0.0183168,-0.006838273,0.9993648,
280,-0.0183168,-0.006838273,0.9993648,
281,-0.01392077,-0.008792065,1.001074,
282,-0.01685146,-0.008059393,1.000586,
283,-0.02002637,-0.007570945,0.9991205,
284,-0.02002637,-0.007570945,0.9991205,
285,-0.0183168,-0.007326721,0.9988763,
286,-0.0183168,-0.007326721,0.9988763,
287,-0.01587456,-0.006349825,0.9991205,
288,-0.01660723,-0.005617152,0.9993648,
289,-0.01587456,-0.007082497,0.9988763,
290,-0.01587456,-0.007082497,0.9988763,
291,-0.0183168,-0.008547841,1.00083,
292,-0.0183168,-0.008547841,1.00083,
293,-0.01758413,-0.008547841,0.9983878,
294,-0.01856103,-0.006838273,0.998632,
295,-0.01856103,-0.006838273,0.998632,
296,-0.01856103,-0.006838273,0.998632,
297,-0.01782835,-0.007570945,1.002295,
298,-0.01782835,-0.007570945,1.002295,
299,-0.01782835,-0.007570945,1.002295,
300,-0.01685146,-0.006838273,1.000097,
301,-0.01685146,-0.006838273,1.000097,
302,-0.01685146,-0.006838273,1.000097,
303,-0.0183168,-0.006838273,0.9998531,
304,-0.0183168,-0.006838273,0.9998531,
305,-0.0183168,-0.006838273,0.9998531,
306,-0.01367655,-0.009524737,1.001074,
307,-0.01367655,-0.009524737,1.001074,
308,-0.01367655,-0.009524737,1.001074,
309,-0.01587456,-0.007570945,0.998632,
310,-0.01587456,-0.007570945,0.998632,
311,-0.01587456,-0.007570945,0.998632,
312,-0.01636301,-0.008547841,1.000097,
313,-0.01636301,-0.008547841,1.000097,
314,-0.01587456,-0.006838273,0.9988763,
315,-0.01660723,-0.007326721,0.9998531,
316,-0.01660723,-0.007326721,0.9998531,
317,-0.0183168,-0.008303617,1.000342,
318,-0.0183168,-0.008547841,0.9976552,
319,-0.0183168,-0.008547841,0.9976552,
320,-0.01660723,-0.008303617,0.9996089,
321,-0.01709568,-0.009036289,1.000097,
322,-0.01709568,-0.009036289,1.000097,
323,-0.01904947,-0.009036289,1.000097,
324,-0.01904947,-0.009036289,1.000097,
325,-0.01904947,-0.009036289,1.000097,
326,-0.01856103,-0.008547841,1.000342,
327,-0.01807258,-0.006594049,0.9981436,
328,-0.01685146,-0.007326721,0.9998531,
329,-0.01685146,-0.007326721,0.9998531,
330,-0.01538611,-0.008792065,0.9996089,
331,-0.01538611,-0.008792065,0.9996089,
332,-0.01856103,-0.008303617,0.9998531,
333,-0.01636301,-0.009524737,1.000342,
334,-0.01660723,-0.008303617,1.001074,
335,-0.01660723,-0.008303617,1.001074,
336,-0.0202706,-0.008547841,1.00083,
337,-0.0202706,-0.008547841,1.00083,
338,-0.01416499,-0.007570945,0.9996089,
339,-0.01416499,-0.007570945,0.9996089,
340,-0.01416499,-0.007570945,0.9996089,
341,-0.01367655,-0.007326721,0.9988763,
342,-0.01367655,-0.007326721,0.9988763,
343,-0.01758413,-0.009524737,1.001074,
344,-0.01758413,-0.009524737,1.001074,
345,-0.01953792,-0.01001319,1.000097,
346,-0.01953792,-0.01001319,1.000097,
347,-0.01563034,-0.007570945,0.9988763,
348,-0.01343232,-0.006594049,0.9996089,
349,-0.01343232,-0.006594049,0.9996089,
350,-0.01343232,-0.006594049,0.9996089,
351,-0.01758413,-0.007082497,0.9996089,
352,-0.01758413,-0.007082497,0.9996089,
353,-0.01733991,-0.009036289,0.9998531,
354,-0.01733991,-0.01099008,1.001318,
355,-0.01733991,-0.01099008,1.001318,
356,-0.01733991,-0.01099008,1.001318,
357,-0.01782835,-0.007326721,0.9998531,
358,-0.01782835,-0.007326721,0.9998531,
359,-0.01660723,-0.005372928,0.9978994,
360,-0.01660723,-0.005372928,0.9978994,
361,-0.01733991,-0.009524737,0.9983878,
362,-0.01733991,-0.009524737,0.9983878,
363,-0.01733991,-0.009524737,0.9983878,
364,-0.01758413,-0.008792065,1.00083,
365,-0.01758413,-0.008792065,1.000097,
366,-0.01758413,-0.008792065,1.000097,
367,-0.01636301,-0.008059393,1.000097,
368,-0.01636301,-0.008059393,1.000097,
369,-0.01685146,-0.008547841,1.000342,
370,-0.01685146,-0.008547841,1.000342,
371,-0.01758413,-0.008303617,1.000586,
372,-0.01758413,-0.008303617,1.000586,
373,-0.01685146,-0.009280513,1.000342,
374,-0.01489767,-0.008303617,1.000342,
375,-0.01685146,-0.01001319,0.9993648,
376,-0.01685146,-0.01001319,0.9993648,
377,-0.0183168,-0.009524737,1.000342,
378,-0.0183168,-0.009524737,1.000342,
379,-0.0131881,-0.008303617,1.000097,
380,-0.01343232,-0.009280513,0.9998531,
381,-0.01343232,-0.009280513,0.9998531,
382,-0.01343232,-0.009280513,0.9998531,
383,-0.02051482,-0.01172275,1.001074,
384,-0.02051482,-0.01172275,1.001074,
385,-0.01587456,-0.01050163,0.9998531,
386,-0.01343232,-0.01074586,1.000097,
387,-0.01343232,-0.01074586,1.000097,
388,-0.01367655,-0.01001319,1.00083,
389,-0.01099008,-0.05568308,1.004738,
390,-0.01099008,-0.05568308,1.004738,
391,0.0376105,-0.02735309,0.9993648,
392,0.0376105,-0.02735309,0.9993648,
393,0.0376105,-0.02735309,0.9993648,
394,-0.0559273,0.009524737,1.007424,
395,-0.0559273,0.009524737,1.007424,
396,-0.06887118,0.04591412,1.071411,
397,-0.06887118,0.04591412,1.071411,
398,-0.01538611,-0.04005274,1.01646,
399,-0.01538611,-0.04005274,1.01646,
400,-0.01538611,-0.04005274,1.01646,
401,0.02857421,-0.1841449,1.01182,
402,0.0324818,-0.2237092,1.011088,
403,0.0324818,-0.2237092,1.011088,
404,-0.0376105,-0.3971083,0.8892197,
405,-0.0376105,-0.3971083,0.8892197,
406,-0.04396033,-0.4203095,0.9202362,
407,-0.04396033,-0.4203095,0.9202362,
408,0.02222439,-0.4786791,0.8733451,
409,0.02222439,-0.4786791,0.8733451,
410,0.04176231,-0.5912664,0.7238801,
411,0.05153127,-0.7739459,0.5849165,
412,0.05153127,-0.7739459,0.5849165,
413,0.05153127,-0.7739459,0.5849165,
414,-0.01050163,-0.8784738,0.4015043,
415,-0.01050163,-0.8784738,0.4015043,
416,-0.03199335,-0.9014309,0.353148,
417,-0.06032334,-0.9275629,0.2850094,
418,-0.06032334,-0.9275629,0.2850094,
419,-0.0244224,-0.9891073,0.1272407,
420,-0.01099008,-0.9873977,0.1113662,
421,-0.01099008,-0.9873977,0.1113662,
422,-0.01465344,-1.01182,0.08645531,
423,-0.01465344,-1.01182,0.08645531,
424,-0.01465344,-1.01182,0.08645531,
425,-0.0007326721,-0.9861766,0.03223757,
426,-0.0007326721,-0.9861766,0.03223757,
427,-0.0007326721,-0.9861766,0.03223757,
428,-0.0559273,-0.9947245,-0.02417818,
429,-0.0559273,-0.9947245,-0.02417818,
430,-0.0559273,-0.9947245,-0.02417818,
431,-0.01660723,-0.9947245,0.07766324,
432,-0.01660723,-0.9947245,0.07766324,
433,-0.01953792,-0.997411,0.001953792,
434,-0.01953792,-0.997411,0.001953792,
435,-0.01953792,-0.997411,0.001953792,
436,-0.02002637,-1.000342,-0.02051482,
437,-0.02417818,-0.9839786,0.02955111,
438,-0.02417818,-0.9839786,0.02955111,
439,-0.02417818,-0.9839786,0.02955111,
440,-0.01538611,-1.007913,0.005617152,
441,-0.01538611,-1.007913,0.005617152,
442,-0.01514189,-0.9976552,0.02344551,
443,-0.02173594,-0.9842228,0.04200653,
444,-0.02173594,-0.9842228,0.04200653,
445,-0.02173594,-0.9842228,0.04200653,
446,-0.02344551,-0.9930149,0.02173594,
447,-0.02344551,-0.9930149,0.02173594,
448,-0.02075904,-0.996434,0.009036289,
449,-0.02075904,-0.996434,0.009036289,
450,-0.01978215,-0.9981436,0.005861376,
451,-0.01978215,-0.9981436,0.005861376,
452,-0.02051482,-1.000342,0.02906266,
453,-0.02051482,-1.000342,0.02906266,
454,-0.02051482,-1.000342,0.02906266,
455,-0.01636301,-0.9966783,0.07473255,
456,-0.01636301,-0.9966783,0.07473255,
457,-0.01636301,-0.9966783,0.07473255,
458,-0.02100327,-0.9937475,0.0771748,
459,-0.02100327,-0.9937475,0.0771748,
460,-0.02100327,-0.9937475,0.0771748,
461,-0.02124749,-0.9893516,0.05397351,
462,-0.02124749,-0.9893516,0.05397351,
463,-0.01758413,-0.9917938,0.05446196,
464,-0.01611879,-1.016216,0.04835636,
465,-0.01611879,-1.016216,0.04835636,
466,-0.02271283,-0.992038,0.07058074,
467,-0.02173594,-0.9761634,0.03614515,
468,-0.02173594,-0.9761634,0.03614515,
469,-0.01294387,-0.9881305,0.05446196,
470,-0.01294387,-0.9881305,0.05446196,
471,-0.01294387,-0.9881305,0.05446196,
472,-0.01074586,-1.004249,0.0639867,
473,-0.01074586,-1.004249,0.0639867,
474,-0.01782835,-0.9866651,0.06447514,
475,-0.01782835,-0.9866651,0.06447514,
476,-0.01611879,-0.9917938,0.04835636,
477,-0.01514189,-0.9969225,0.03834317,
478,-0.01514189,-0.9969225,0.03834317,
479,-0.01611879,-0.996434,0.0385874,
480,-0.01758413,-0.9947245,0.05372929,
481,-0.01758413,-0.9947245,0.05372929,
482,-0.01733991,-0.9959456,0.03541248,
483,-0.01733991,-0.9959456,0.03541248,
484,-0.01733991,-0.9959456,0.03541248,
485,-0.01440922,-0.9991205,0.04689101,
486,-0.01440922,-0.9991205,0.04689101,
487,-0.01440922,-0.9991205,0.04689101,
488,-0.0131881,-1.000097,0.06252135,
489,-0.0131881,-1.000097,0.06252135,
490,-0.0131881,-1.000097,0.06252135,
491,-0.01978215,-0.9939919,0.03956429,
492,-0.01978215,-0.9939919,0.03956429,
493,-0.01978215,-0.9939919,0.03956429,
494,-0.02100327,-0.9925264,0.05836954,
495,-0.02100327,-0.9925264,0.05836954,
496,-0.02100327,-0.9925264,0.05836954,
497,-0.0202706,-0.9944802,0.0507986,
498,-0.0202706,-0.9944802,0.0507986,
499,-0.0202706,-0.9944802,0.0507986,
500,-0.0192937,-0.9908169,0.05617153,
501,-0.0192937,-0.9908169,0.05617153,
502,-0.0192937,-0.9908169,0.05617153,
503,-0.01904947,-0.9957014,0.04689101,
504,-0.01904947,-0.9957014,0.04689101,
505,-0.01904947,-0.9957014,0.04689101,
506,-0.04444877,-0.9971667,0.05983489,
507,-0.04444877,-0.9971667,0.05983489,
508,-0.04444877,-0.9971667,0.05983489,
509,0.01147853,-1.000586,0.03516826,
510,0.01147853,-1.000586,0.03516826,
511,0.01147853,-1.000586,0.03516826,
512,-0.02710887,-0.9930149,0.0559273,
513,-0.02710887,-0.9930149,0.0559273,
514,-0.02710887,-0.9930149,0.0559273,
515,-0.02320128,-0.9939919,0.03687783,
516,-0.02320128,-0.9939919,0.03687783,
517,-0.02320128,-0.9939919,0.03687783,
518,-0.01978215,-0.9944802,0.06178868,
519,-0.01978215,-0.9944802,0.06178868,
520,-0.01978215,-0.9944802,0.06178868,
521,-0.02368973,-0.9930149,0.04566989,
522,-0.02368973,-0.9930149,0.04566989,
523,-0.02368973,-0.9930149,0.04566989,
524,-0.03834317,-0.9957014,0.04420455,
525,-0.03834317,-0.9957014,0.04420455,
526,-0.03834317,-0.9957014,0.04420455,
527,-0.006349825,-0.9988763,0.03467981,
528,-0.006349825,-0.9988763,0.03467981,
529,-0.006349825,-0.9988763,0.03467981,
530,-0.02100327,-0.9917938,0.09085134,
531,-0.02100327,-0.9917938,0.09085134,
532,-0.01001319,-1.014262,0.044693,
533,-0.0131881,-1.005715,0.005861376,
534,-0.0131881,-1.005715,0.005861376,
535,-0.0131881,-1.005715,0.005861376,
536,0.01416499,-1.138817,-0.02417818,
537,0.01416499,-1.138817,-0.02417818,
538,0.01416499,-1.138817,-0.02417818,
539,-0.04737946,-1.298295,-0.1157622,
540,-0.04737946,-1.298295,-0.1157622,
541,-0.04737946,-1.298295,-0.1157622,
542,-0.03467981,-1.075807,-0.0385874,
543,-0.03467981,-1.075807,-0.0385874,
544,-0.03467981,-1.075807,-0.0385874,
545,-0.2122307,-1.046744,-0.1345674,
546,-0.2122307,-1.046744,-0.1345674,
547,-0.2122307,-1.046744,-0.1345674,
548,-0.2134518,-1.004493,-0.251795,
549,-0.2134518,-1.004493,-0.251795,
550,-0.2134518,-1.004493,-0.251795,
551,-0.3287255,-0.884091,-0.2676695,
552,-0.3287255,-0.884091,-0.2676695,
553,-0.3802568,-0.8542957,-0.3189566,
554,-0.4454646,-0.8122891,-0.3756166,
555,-0.4454646,-0.8122891,-0.3756166,
556,-0.4454646,-0.8122891,-0.3756166,
557,-0.5223952,-0.6535435,-0.3006398,
558,-0.5223952,-0.6535435,-0.3006398,
559,-0.561471,-0.6723487,-0.4684217,
560,-0.561471,-0.6723487,-0.4684217,
561,-0.561471,-0.6723487,-0.4684217,
562,-0.7180187,-0.5939528,-0.3851413,
563,-0.7189955,-0.5099398,-0.3643822,
564,-0.7189955,-0.5099398,-0.3643822,
565,-0.7363354,-0.3721974,-0.3656034,
566,-0.7363354,-0.3721974,-0.3656034,
567,-0.7363354,-0.3721974,-0.3656034,
568,-0.7363354,-0.3721974,-0.3656034,
569,-0.7363354,-0.3721974,-0.3656034,
570,-0.7363354,-0.3721974,-0.3656034,
571,-0.8523419,-0.1186929,-0.3050358,
572,-0.8523419,-0.1186929,-0.3050358,
573,0.01489767,-0.9090018,-0.2767058,
574,0.01489767,-0.9090018,-0.2767058,
575,-0.03712205,-0.9031405,-0.2151614,
576,-0.03712205,-0.9031405,-0.2151614,
577,-0.06374247,-0.863332,-0.2632735,
578,-0.07546522,-0.9292724,-0.2933131,
579,-0.07546522,-0.9292724,-0.2933131,
580,-0.07546522,-0.9292724,-0.2933131,
581,-0.005861376,-0.9598004,-0.312851,
582,-0.005861376,-0.9598004,-0.312851,
583,-0.005861376,-0.9598004,-0.312851,
584,0.02124749,-0.935378,-0.3377618,
585,0.02124749,-0.935378,-0.3377618,
586,-0.001465344,-0.9622427,-0.329214,
587,0.03614515,-0.9510083,-0.3235968,
588,0.03614515,-0.9510083,-0.3235968,
589,0.03614515,-0.9510083,-0.3235968,
590,0.003419137,-0.9808037,-0.3546133,
591,0.003419137,-0.9808037,-0.3546133,
592,0.06984808,-0.9783615,-0.3013724,
593,0.0122112,-0.9942361,-0.3082107,
594,0.0122112,-0.9942361,-0.3082107,
595,-0.08572263,-0.9871536,-0.2752405,
596,-0.08572263,-0.9871536,-0.2752405,
597,-0.08572263,-0.9871536,-0.2752405,
598,-0.08108238,-0.9607773,-0.2559468,
599,-0.08328039,-0.9458797,-0.2513065,
600,-0.08328039,-0.9458797,-0.2513065,
601,-0.08328039,-0.9458797,-0.2513065,
602,-0.0183168,-0.9444144,-0.2237092,
603,-0.0183168,-0.9444144,-0.2237092,
604,-0.04493722,-0.9468566,-0.2329897,
605,-0.04493722,-0.9468566,-0.2329897,
606,-0.05348506,-0.9471008,-0.2828114,
607,-0.05348506,-0.9471008,-0.2828114,
608,-0.0244224,-0.9554044,-0.2906266,
609,-0.0244224,-0.9554044,-0.2906266,
610,0.02564352,-0.9549159,-0.261564,
611,0.0112343,-0.9502757,-0.2723098,
612,0.0112343,-0.9502757,-0.2723098,
613,0.0112343,-0.9502757,-0.2723098,
614,-0.02662042,-0.9744539,-0.2935573,
615,-0.02662042,-0.9744539,-0.2935573,
616,0.03101645,-0.9764077,-0.2894055,
617,-0.01440922,-0.952718,-0.3167586,
618,-0.01440922,-0.952718,-0.3167586,
619,-0.01440922,-0.952718,-0.3167586,
620,-0.03736627,-0.9808037,-0.3001513,
621,-0.03736627,-0.9808037,-0.3001513,
622,0.05104282,-0.9773846,-0.2329897,
623,0.003419137,-0.997411,-0.3035704,
624,0.003419137,-0.997411,-0.3035704,
625,0.003419137,-0.997411,-0.3035704,
626,-0.01147853,-0.9783615,-0.2713329,
627,-0.01147853,-0.9783615,-0.2713329,
628,-0.01147853,-0.9783615,-0.2713329,
629,-0.02198016,-0.9622427,-0.3533922,
630,-0.02198016,-0.9622427,-0.3533922,
631,-0.02198016,-0.9622427,-0.3533922,
632,-0.01856103,-0.9864208,-0.3287255,
633,-0.01856103,-0.9864208,-0.3287255,
634,-0.04689101,-0.9576024,-0.2437356,
635,-0.04689101,-0.9576024,-0.2437356,
636,-0.04689101,-0.9576024,-0.2437356,
637,-0.12431,-0.9446586,-0.1931812,
638,-0.1365212,-0.9412394,-0.2002637,
639,-0.1365212,-0.9412394,-0.2002637,
640,-0.09304935,-0.9253648,-0.2229765,
641,-0.09304935,-0.9253648,-0.2229765,
642,-0.06349824,-0.9153517,-0.2268841,
643,-0.06349824,-0.9153517,-0.2268841,
644,-0.1015972,-0.9478335,-0.2720656,
645,-0.1015972,-0.9478335,-0.2720656,
646,-0.1094124,-0.9312262,-0.3616958,
647,-0.07864013,-0.9182823,-0.3809895,
648,-0.07864013,-0.9182823,-0.3809895,
649,-0.07864013,-0.9182823,-0.3809895,
650,-0.04933326,-0.9546717,-0.4019928,
651,-0.04933326,-0.9546717,-0.4019928,
652,-0.05201972,-0.9571139,-0.4139597,
653,-0.07155764,-0.9617542,-0.4376495,
654,-0.07155764,-0.9617542,-0.4376495,
655,-0.08889755,-0.9295167,-0.4378937,
656,-0.1113662,-0.9344012,-0.4452204,
657,-0.1113662,-0.9344012,-0.4452204,
658,-0.1379866,-0.9036289,-0.4027254,
659,-0.1379866,-0.9036289,-0.4027254,
660,-0.1379866,-0.9036289,-0.4027254,
661,-0.1597225,-0.938553,-0.4388706,
662,-0.1431153,-0.9344012,-0.3555902,
663,-0.1543496,-0.92219,-0.4107848,
664,-0.1543496,-0.92219,-0.4107848,
665,-0.1719337,-0.8926388,-0.4037023,
666,-0.1719337,-0.8926388,-0.4037023,
667,-0.07937282,-0.9009424,-0.3778146,
668,-0.07937282,-0.9009424,-0.3778146,
669,-0.07937282,-0.9009424,-0.3778146,
670,-0.07937282,-0.9009424,-0.3778146,
671,0.01733991,-0.9908169,-0.2994187,
672,0.01733991,-0.9908169,-0.2994187,
673,0.01733991,-0.9908169,-0.2994187,
674,0.03907584,-1.042348,-0.3262833,
675,0.03907584,-1.042348,-0.3262833,
676,0.03907584,-1.042348,-0.3262833,
677,-0.07448833,-0.9878863,-0.3170028,
678,-0.07448833,-0.9878863,-0.3170028,
679,-0.1001318,-0.9617542,-0.2581448,
680,-0.1497093,-0.981048,-0.2298148,
681,-0.1497093,-0.981048,-0.2298148,
682,-0.1497093,-0.981048,-0.2298148,
683,-0.1279734,-0.9307377,-0.2002637,
684,-0.1279734,-0.9307377,-0.2002637,
685,-0.2271284,-0.9173055,-0.3028378,
686,-0.2271284,-0.9173055,-0.3028378,
687,-0.2271284,-0.9173055,-0.3028378,
688,-0.2271284,-0.9173055,-0.3028378,
689,-0.04322765,-0.9588236,-0.3126068,
690,-0.04322765,-0.9588236,-0.3126068,
691,-0.008059393,-0.9698136,-0.303082,
692,0.006349825,-0.9685925,-0.2459336,
693,0.006349825,-0.9685925,-0.2459336,
694,0.006349825,-0.9685925,-0.2459336,
695,0.03565671,-1.002051,-0.2520392,
696,0.03565671,-1.002051,-0.2520392,
697,0.1287061,-0.9749424,-0.2417818,
698,0.1174718,-0.928784,-0.2163825,
699,0.1174718,-0.928784,-0.2163825,
700,0.1160064,-0.9268302,-0.2417818,
701,0.1201582,-1.009866,-0.3209104,
702,0.1201582,-1.009866,-0.3209104,
703,0.07204609,-0.9864208,-0.3905142,
704,0.07204609,-0.9864208,-0.3905142,
705,0.07204609,-0.9864208,-0.3905142,
706,0.1587456,-0.9573582,-0.388072,
707,0.1448248,-1.022078,-0.4452204,
708,0.04786791,-0.9996089,-0.4779464,
709,0.04786791,-0.9996089,-0.4779464,
710,-0.05153127,-0.926586,-0.411029,
711,-0.05153127,-0.926586,-0.411029,
712,0.01758413,-0.9383088,-0.3057685,
713,0.1367655,-0.9598004,-0.2388511,
714,0.1367655,-0.9598004,-0.2388511,
715,0.1367655,-0.9598004,-0.2388511,
716,0.04518145,-0.959312,-0.04664679,
717,0.04518145,-0.959312,-0.04664679,
718,-0.02930688,-0.9978994,0.0112343,
719,-0.08425729,-0.9952129,0.07058074,
720,-0.08425729,-0.9952129,0.07058074,
721,-0.1858545,-0.9739654,0.1130757,
722,-0.1858545,-0.9739654,0.1130757,
723,-0.1858545,-0.9739654,0.1130757,
724,-0.3089434,-0.9939919,0.1499536,
725,-0.3089434,-0.9939919,0.1499536,
726,-0.2901382,-0.9834902,0.2239534,
727,-0.2842768,-0.9803152,0.2268841,
728,-0.2842768,-0.9803152,0.2268841,
729,-0.3086992,-0.905827,0.07790747,
730,-0.3086992,-0.905827,0.07790747,
731,-0.3086992,-0.905827,0.07790747,
732,-0.7136226,-0.9358665,-0.5919991,
733,-0.7136226,-0.9358665,-0.5919991,
734,-0.4381379,-0.9292724,-0.1353001,
735,-0.4381379,-0.9292724,-0.1353001,
736,-0.3704878,-0.6684412,0.215894,
737,-0.3704878,-0.6684412,0.215894,
738,-0.3704878,-0.6684412,0.215894,
739,-0.6381574,-0.5758802,0.09842228,
740,-0.6381574,-0.5758802,0.09842228,
741,-0.7018999,-0.5868704,0.1360328,
742,-0.7588041,-0.4488838,0.8591802,
743,-0.7588041,-0.4488838,0.8591802,
744,-0.7588041,-0.4488838,0.8591802,
745,-0.7463486,-0.4212864,0.1946466,
746,-0.7463486,-0.4212864,0.1946466,
747,-0.7463486,-0.4212864,0.1946466,
748,-0.7463486,-0.4212864,0.1946466,
749,-0.9368433,-0.1494651,0.1357886,
750,-0.9368433,-0.1494651,0.1357886,
751,0.04542567,-0.9913054,0.1572803,
752,0.04542567,-0.9913054,0.1572803,
753,-0.0183168,-0.9424605,0.2215112,
754,-0.0183168,-0.9424605,0.2215112,
755,-0.1250427,-1.287793,0.05714842,
756,-0.1250427,-1.287793,0.05714842,
757,-0.1250427,-1.287793,0.05714842,
758,-0.126508,-1.124652,0.1374981,
759,-0.1216236,-1.157622,0.1301714,
760,-0.1216236,-1.157622,0.1301714,
761,-0.1216236,-1.157622,0.1301714,
762,-0.0813266,-1.064328,0.1028183,
763,-0.0813266,-1.064328,0.1028183,
764,-0.05861377,-1.071899,0.07302298,
765,-0.03297025,-1.08753,0.04127386,
766,-0.03297025,-1.08753,0.04127386,
767,-0.009280513,-1.036487,0.0376105,
768,-0.004640257,-1.041127,0.05128705,
769,-0.004640257,-1.041127,0.05128705,
770,-0.01367655,-1.027206,0.04713524,
771,-0.01367655,-1.027206,0.04713524,
772,0.003174912,-1.002295,0.04762369,
773,0.003174912,-1.002295,0.04762369,
774,0.03126068,-1.009622,0.005617152,
775,0.03126068,-1.009622,0.005617152,
776,0.02393396,-0.9746981,0.02613197,
777,0.02393396,-0.9746981,0.02613197,
778,0.02393396,-0.9746981,0.02613197,
779,0.02393396,-0.9746981,0.02613197,
780,0.02808576,-0.9771404,0.02491085,
781,0.02808576,-0.9771404,0.02491085,
782,0.030528,-0.9781172,0.01685146,
783,0.03199335,-0.9798268,0.02979533,
784,0.03199335,-0.9798268,0.02979533,
785,0.02173594,-1.009866,0.01196698,
786,0.02515507,-1.01011,0.02198016,
787,0.02515507,-1.01011,0.02198016,
788,0.03345869,-0.9903284,0.01587456,
789,0.03663361,-0.9839786,0.02906266,
790,0.03663361,-0.9839786,0.02906266,
791,0.03663361,-0.9839786,0.02906266,
792,0.01953792,-1.017193,-0.006105601,
793,0.01953792,-1.017193,-0.006105601,
794,0.02368973,-1.009134,0.0007326721,
795,0.01245543,-0.9952129,0.01904947,
796,0.01245543,-0.9952129,0.01904947,
797,0.02149171,-1.000342,0.003174912,
798,0.02149171,-1.000342,0.003174912,
799,0.03541248,-1.00254,-0.01685146,
800,0.03541248,-1.00254,-0.01685146,
801,0.03541248,-1.00254,-0.01685146,
802,0.03956429,-0.9883746,0.01025741,
803,0.03956429,-0.9883746,0.01025741,
804,0.03492404,-1.004249,-0.008059393,
805,0.03467981,-1.020124,-0.03492404,
806,0.03467981,-1.020124,-0.03492404,
807,0.03467981,-1.020124,-0.03492404,
808,0.03541248,-0.9944802,-0.007570945,
809,0.03541248,-0.9944802,-0.007570945,
810,0.01660723,-0.9952129,0.002930688,
811,0.007815169,-0.998632,0.00244224,
812,0.007815169,-0.998632,0.00244224,
813,0.01978215,-1.005715,-0.01001319,
814,0.02246861,-1.003761,-0.005861376,
815,0.02246861,-1.003761,-0.005861376,
816,0.01147853,-1.013774,-0.01685146,
817,0.01147853,-1.013774,-0.01685146,
818,0.0122112,-1.025252,-0.01880525,
819,0.0122112,-1.025252,-0.01880525,
820,0.02271283,-1.016949,-0.0192937,
821,0.02735309,-1.012797,-0.01514189,
822,0.02735309,-1.012797,-0.01514189,
823,0.03516826,-0.992038,-0.009036289,
824,0.03516826,-0.992038,-0.009036289,
825,0.03516826,-0.992038,-0.009036289,
826,0.01587456,-0.996434,-0.01416499,
827,0.01587456,-0.996434,-0.01416499,
828,0.01587456,-0.996434,-0.01416499,
829,0.02564352,-0.9961898,-0.02100327,
830,0.02564352,-0.9961898,-0.02100327,
831,0.01880525,-1.012309,-0.01733991,
832,0.01880525,-1.012309,-0.01733991,
833,0.01880525,-1.012309,-0.01733991,
834,0.0183168,-0.9976552,-0.001465344,
835,0.01904947,-0.9993648,-0.01147853,
836,0.01904947,-0.9993648,-0.01147853,
837,0.02588775,-0.9815363,-0.007082497,
838,0.02588775,-0.9815363,-0.007082497,
839,0.0244224,-0.9710348,-0.00244224,
840,0.0244224,-0.9710348,-0.00244224,
841,0.02222439,-0.9937475,-0.0112343,
842,0.02222439,-0.9937475,-0.0112343,
843,-0.004396033,-1.008157,-0.008547841,
844,0.0009768961,-1.009866,-0.006594049,
845,0.0009768961,-1.009866,-0.006594049,
846,0.0009768961,-1.009866,-0.006594049,
847,0.01514189,-1.037952,-0.02417818,
848,0.01514189,-1.037952,-0.02417818,
849,0.005617152,-1.01817,-0.006105601,
850,0.005617152,-1.01817,-0.006105601,
851,0.005617152,-1.01817,-0.006105601,
852,0.0192937,-1.004982,-0.01416499,
853,0.01636301,-0.9988763,-0.009036289,
854,0.01636301,-0.9988763,-0.009036289,
855,0.01636301,-0.9988763,-0.009036289,
856,0.02075904,-1.015728,-0.02320128,
857,0.02075904,-1.015728,-0.02320128,
858,0.02832999,-0.9866651,-0.00244224,
859,0.02368973,-0.9849555,-0.003663361,
860,0.02368973,-0.9849555,-0.003663361,
861,0.02368973,-0.9849555,-0.003663361,
862,-0.00122112,-1.015972,-0.01440922,
863,-0.00122112,-1.015972,-0.01440922,
864,0.000244224,-1.009134,-0.0131881,
865,0.000244224,-1.009134,-0.0131881,
866,0.007815169,-1.012064,-0.005617152,
867,0.007815169,-1.012064,-0.005617152,
868,0.001709568,-1.014751,-0.01685146,
869,0.001709568,-1.014751,-0.01685146,
870,0.00244224,-0.9915496,-0.007815169,
871,0.00244224,-0.9915496,-0.007815169,
872,0.009036289,-0.9781172,-0.009036289,
873,0.007570945,-0.965906,-0.006105601,
874,0.007570945,-0.965906,-0.006105601,
875,0.007570945,-0.965906,-0.006105601,
876,-0.009036289,-0.9365991,-0.02491085,
877,-0.009036289,-0.9365991,-0.02491085,
878,-0.0122112,-0.8931273,-0.02735309,
879,-0.03174912,-0.8008106,0.03492404,
880,-0.03174912,-0.8008106,0.03492404,
881,-0.05348506,-0.8010548,-0.02930688,
882,-0.05348506,-0.8010548,-0.02930688,
883,-0.05348506,-0.8010548,-0.02930688,
884,-0.154838,-0.8657742,-0.03174912,
885,-0.2009964,-0.7971472,0.008059393,
886,-0.2009964,-0.7971472,0.008059393,
887,-0.3582766,-0.8508766,-0.101353,
888,-0.3582766,-0.8508766,-0.101353,
889,-0.4112733,-0.8584475,-0.08523419,
890,-0.4112733,-0.8584475,-0.08523419,
891,-0.5079859,-0.8604013,-0.06838273,
892,-0.5079859,-0.8604013,-0.06838273,
893,-0.6320518,-0.7697941,-0.04200653,
894,-0.69555,-0.7378008,-0.08108238,
895,-0.69555,-0.7378008,-0.08108238,
896,-0.731451,-0.693352,-0.1050163,
897,-0.731451,-0.693352,-0.1050163,
898,-0.9263418,-0.7233915,-0.04273921,
899,-0.9263418,-0.7233915,-0.04273921,
900,-0.9263418,-0.7233915,-0.04273921,
901,-0.9334242,-0.4945536,-0.04078541,
902,-0.9334242,-0.4945536,-0.04078541,
903,-0.9334242,-0.4945536,-0.04078541,
904,-0.9334242,-0.4945536,-0.04078541,
905,-0.9334242,-0.4945536,-0.04078541,
906,-0.9334242,-0.4945536,-0.04078541,
907,-0.9334242,-0.4945536,-0.04078541,
908,-1.009866,-0.3074781,-0.1069701,
909,-1.009866,-0.3074781,-0.1069701,
910,-1.009866,-0.3074781,-0.1069701,
911,0.1912274,-0.996434,-0.05275239,
912,0.1912274,-0.996434,-0.05275239,
913,0.1912274,-0.996434,-0.05275239,
914,0.1663166,-1.014995,-0.06642894,
915,0.1663166,-1.014995,-0.06642894,
916,0.1663166,-1.014995,-0.06642894,
917,0.1094124,-1.009866,-0.06813851,
918,0.06276558,-0.9978994,-0.08669953,
919,0.06276558,-0.9978994,-0.08669953,
920,0.01587456,-1.028427,-0.05104282,
921,0.01587456,-1.028427,-0.05104282,
922,0.002198016,-1.012553,-0.06935962,
923,-0.05397351,-1.023299,-0.06423092,
924,-0.05397351,-1.023299,-0.06423092,
925,-0.09988763,-1.023054,-0.06178868,
926,-0.06496359,-1.004982,-0.07790747,
927,-0.07253454,-0.9869093,-0.08596686,
928,-0.07253454,-0.9869093,-0.08596686,
929,-0.06740583,-0.9864208,-0.0700923,
930,-0.06740583,-0.9864208,-0.0700923,
931,-0.119914,-0.9844671,-0.06813851,
932,-0.1399404,-0.9895958,-0.05568308,
933,-0.1399404,-0.9895958,-0.05568308,
934,-0.1399404,-0.9895958,-0.05568308,
935,-0.1499536,-0.9602889,-0.07546522,
936,-0.1499536,-0.9602889,-0.07546522,
937,-0.169003,-0.9742096,-0.08987444,
938,-0.1665608,-0.9932592,-0.09988763,
939,-0.1665608,-0.9932592,-0.09988763,
940,-0.1042837,-0.9849555,-0.06813851,
941,-0.1382308,-0.9571139,-0.08083815,
942,-0.1382308,-0.9571139,-0.08083815,
943,-0.1604552,-0.9673713,-0.09427048,
944,-0.1604552,-0.9673713,-0.09427048,
945,-0.1604552,-0.9673713,-0.09427048,
946,-0.1409173,-0.9830016,-0.09402625,
947,-0.1426268,-0.959312,-0.0954916,
948,-0.1426268,-0.959312,-0.0954916,
949,-0.1426268,-0.959312,-0.0954916,
950,-0.1528842,-0.9790941,-0.1011087,
951,-0.1528842,-0.9790941,-0.1011087,
952,-0.1748644,-0.9720116,-0.1194256,
953,-0.1748644,-0.9720116,-0.1194256,
954,-0.07864013,-0.9715232,-0.07253454,
955,-0.07864013,-0.9715232,-0.07253454,
956,-0.07864013,-0.9715232,-0.07253454,
957,-0.1365212,-0.9507642,-0.08401307,
958,-0.1604552,-0.9566256,-0.105749,
959,-0.1604552,-0.9566256,-0.105749,
960,-0.129683,-0.9839786,-0.09842228,
961,-0.129683,-0.9839786,-0.09842228,
962,-0.129683,-0.9839786,-0.09842228,
963,-0.1279734,-0.9717674,-0.103551,
964,-0.1301714,-0.9737212,-0.1020856,
965,-0.1301714,-0.9737212,-0.1020856,
966,-0.1301714,-0.9737212,-0.1020856,
967,-0.1269965,-0.9815363,-0.1047721,
968,-0.1269965,-0.9815363,-0.1047721,
969,-0.1338348,-0.9737212,-0.1086797,
970,-0.1433595,-0.9602889,-0.1011087,
971,-0.1433595,-0.9602889,-0.1011087,
972,-0.1472671,-0.9944802,-0.1208909,
973,-0.1472671,-0.9944802,-0.1208909,
974,-0.1472671,-0.9944802,-0.1208909,
975,-0.1077028,-0.9969225,-0.09817806,
976,-0.1128315,-0.9661503,-0.09329358,
977,-0.1128315,-0.9661503,-0.09329358,
978,-0.117716,-0.9854439,-0.1289503,
979,-0.117716,-0.9854439,-0.1289503,
980,-0.117716,-0.9854439,-0.1289503,
981,-0.1015972,-0.9830016,-0.0996434,
982,-0.1015972,-0.9830016,-0.0996434,
983,-0.1015972,-0.9830016,-0.0996434,
984,-0.2051482,-0.9534506,-0.1570361,
985,-0.2051482,-0.9534506,-0.1570361,
986,-0.2051482,-0.9534506,-0.1570361,
987,-0.2185805,-0.9605331,-0.1753528,
988,-0.1421384,-0.9646849,-0.1492209,
989,-0.1421384,-0.9646849,-0.1492209,
990,-0.0315049,-0.9634638,-0.06642894,
991,-0.0315049,-0.9634638,-0.06642894,
992,-0.08254772,-0.9578466,-0.02759732,
993,-0.08254772,-0.9578466,-0.02759732,
994,-0.08254772,-0.9578466,-0.02759732,
995,-0.08254772,-0.9578466,-0.02759732,
996,-0.1262638,-0.9661503,-0.01636301,
997,-0.1262638,-0.9661503,-0.01636301,
998,-0.105749,-0.9805595,-0.03883162,
999,-0.1179602,-0.9913054,-0.04786791,
1000,-0.1179602,-0.9913054,-0.04786791,
1001,-0.1179602,-0.9913054,-0.04786791,
1002,-0.1523958,-0.9761634,-0.05665998,
1003,-0.1523958,-0.9761634,-0.05665998,
1004,-0.15264,-1.02745,-0.08425729,
1005,-0.126508,-1.032091,-0.07131341,
1006,-0.126508,-1.032091,-0.07131341,
1007,-0.126508,-1.032091,-0.07131341,
1008,-0.1416499,-1.025252,-0.05177549,
1009,-0.1416499,-1.025252,-0.05177549,
1010,-0.1245543,-0.9932592,-0.03980852,
1011,-0.1230889,-0.9930149,-0.04249498,
1012,-0.1230889,-0.9930149,-0.04249498,
1013,-0.1230889,-0.9930149,-0.04249498,
1014,-0.1028183,-0.9913054,-0.03834317,
1015,-0.1235774,-0.9866651,-0.05031015,
1016,-0.1235774,-0.9866651,-0.05031015,
1017,-0.09598004,-0.9654176,-0.02173594,
1018,-0.09598004,-0.9654176,-0.02173594,
1019,-0.09598004,-0.9654176,-0.02173594,
1020,-0.07570945,-0.9815363,-0.0315049,
1021,-0.07570945,-0.9815363,-0.0315049,
1022,-0.06765006,-0.9893516,-0.03199335,
1023,-0.07351143,-0.983246,-0.02881844,
1024,-0.07351143,-0.983246,-0.02881844,
1025,-0.07351143,-0.983246,-0.02881844,
1026,-0.09866651,-0.9654176,-0.0385874,
1027,-0.09866651,-0.9654176,-0.0385874,
1028,-0.09866651,-0.9654176,-0.0385874,
1029,-0.07399988,-0.963708,-0.04127386,
1030,-0.07693057,-0.9668829,-0.04591412,
1031,-0.07693057,-0.9668829,-0.04591412,
1032,-0.07693057,-0.9776288,-0.05324084,
1033,-0.08010548,-0.9900842,-0.05421773,
1034,-0.08010548,-0.9900842,-0.05421773,
1035,-0.0761979,-0.9817806,-0.03907584,
1036,-0.0761979,-0.9817806,-0.03907584,
1037,-0.05714842,-0.9866651,-0.030528,
1038,-0.05714842,-0.9866651,-0.030528,
1039,-0.05031015,-0.9991205,-0.02491085,
1040,-0.05031015,-0.9991205,-0.02491085,
1041,-0.06618471,-0.9961898,-0.02198016,
1042,-0.06618471,-0.9961898,-0.02198016,
1043,-0.08108238,-1.000586,-0.01660723,
1044,-0.08108238,-1.000586,-0.01660723,
1045,-0.07497678,-0.9971667,-0.02149171,
1046,-0.07497678,-0.9971667,-0.02149171,
1047,-0.06130023,-0.9900842,-0.02149171,
1048,-0.05031015,-0.998632,-0.02051482,
1049,-0.05031015,-0.998632,-0.02051482,
1050,-0.08523419,-0.9817806,-0.03565671,
1051,-0.08523419,-0.9817806,-0.03565671,
1052,-0.06276558,-0.9847113,-0.02832999,
1053,-0.06667316,-0.9893516,-0.0315049,
1054,-0.06667316,-0.9893516,-0.0315049,
1055,-0.06667316,-0.9893516,-0.0315049,
1056,-0.04713524,-0.9927707,-0.02295706,
1057,-0.04713524,-0.9927707,-0.02295706,
1058,-0.05226394,-0.9876419,-0.005128704,
1059,-0.05226394,-0.9876419,-0.005128704,
1060,-0.06081178,-0.9754307,-0.00488448,
1061,-0.06081178,-0.9754307,-0.00488448,
1062,-0.01856103,-0.996434,-0.01856103,
1063,-0.01856103,-0.996434,-0.01856103,
1064,-0.02075904,-1.025252,-0.05421773,
1065,-0.02075904,-1.025252,-0.05421773,
1066,-0.01001319,-1.019635,-0.07399988,
1067,-0.01001319,-1.019635,-0.07399988,
1068,0.0559273,-1.012064,-0.09573583,
1069,0.08083815,-1.04479,-0.1037952,
1070,0.08083815,-1.04479,-0.1037952,
1071,0.09304935,-1.03087,-0.1040394,
1072,0.1204024,-0.9878863,-0.1418942,
1073,0.1204024,-0.9878863,-0.1418942,
1074,0.312851,-1.098031,-0.439359,
1075,0.3348311,-1.181556,-0.5052995,
1076,0.3348311,-1.181556,-0.5052995,
1077,0.4574316,-1.110487,-0.5959066,
1078,0.5585403,-0.9793383,-0.7248569,
1079,0.5585403,-0.9793383,-0.7248569,
1080,0.8591802,-1.062374,-0.7307183,
1081,0.8794507,-1.067015,-0.7121572,
1082,0.8794507,-1.067015,-0.7121572,
1083,0.9795825,-1.056513,-0.8096027,
1084,0.9795825,-1.056513,-0.8096027,
1085,0.9795825,-1.056513,-0.8096027,
1086,0.6843157,-0.7851802,-0.8777412,
1087,0.4596296,-0.6149561,-0.6679527,
1088,0.4596296,-0.6149561,-0.6679527,
1089,0.4847847,-0.4813656,-0.6010353,
1090,0.54291,-0.4312996,-0.6225271,
1091,0.54291,-0.4312996,-0.6225271,
1092,0.5824744,-0.1321252,-0.2007522,
1093,0.5824744,-0.1321252,-0.2007522,
1094,0.5824744,-0.1321252,-0.2007522,
1095,0.5824744,-0.1321252,-0.2007522,
1096,0.5824744,-0.1321252,-0.2007522,
1097,0.5824744,-0.1321252,-0.2007522,
1098,0.1414057,0.7126457,-0.6127581,
1099,0.8259657,-0.01465344,-0.5126262,
1100,0.8259657,-0.01465344,-0.5126262,
1101,0.7588041,-0.07790747,-0.2679138,
1102,0.7588041,-0.07790747,-0.2679138,
1103,0.7553849,-0.1731548,-0.1350559,
1104,0.6667316,-0.3616958,-0.004396033,
1105,0.6667316,-0.3616958,-0.004396033,
1106,0.6667316,-0.3616958,-0.004396033,
1107,0.3922238,-0.4339861,0.2984418,
1108,0.303082,-0.4247056,0.6046987,
1109,0.303082,-0.4247056,0.6046987,
1110,0.3919796,-0.1704684,1.020368,
1111,0.3919796,-0.1704684,1.020368,
1112,0.4261709,0.1370097,1.400136,
1113,0.6098274,0.1519074,1.954769,
1114,0.6098274,0.1519074,1.954769,
1115,0.6098274,0.1519074,1.954769,
1116,-0.6962827,0.8054509,2.593415,
1117,-0.6962827,0.8054509,2.593415,
1118,-0.6962827,0.8054509,2.593415,
1119,-0.9554044,0.2031944,-0.3472866,
1120,-0.9554044,0.2031944,-0.3472866,
1121,-0.9554044,0.2031944,-0.3472866,
1122,0.2642504,-1.048698,-2.264689,
1123,0.2642504,-1.048698,-2.264689,
1124,0.2642504,-1.048698,-2.264689,
1125,0.8371999,-1.18644,-2.385824,
1126,0.8371999,-1.18644,-2.385824,
1127,0.8371999,-1.18644,-2.385824,
1128,1.047477,-0.7983683,-2.345772,
1129,0.6525666,-0.7536754,-1.440922,
1130,0.8008106,-0.4540125,-0.9558928,
1131,0.8008106,-0.4540125,-0.9558928,
1132,0.8008106,-0.4540125,-0.9558928,
1133,0.9629754,-0.233234,-0.7768766,
1134,0.9629754,-0.233234,-0.7768766,
1135,0.8762758,-0.1880525,-0.4628046,
1136,0.8762758,-0.1880525,-0.4628046,
1137,-0.251795,0.8186389,0.2395838,
1138,-0.251795,0.8186389,0.2395838,
1139,-0.5219067,0.7390219,0.7607578,
1140,-0.4244614,0.670395,0.7263223,
1141,-0.4244614,0.670395,0.7263223,
1142,-0.4244614,0.670395,0.7263223,
1143,-0.4405801,0.7627116,1.080691,
1144,-0.4405801,0.7627116,1.080691,
1145,-0.4405801,0.7627116,1.080691,
1146,-0.806672,0.7675961,1.801641,
1147,-0.806672,0.7675961,1.801641,
1148,-0.3824548,0.3863624,1.285351,
1149,-0.3824548,0.3863624,1.285351,
1150,-0.3824548,0.3863624,1.285351,
1151,0.2056366,-0.05763687,0.5043226,
1152,0.2859863,-0.211498,0.09231669,
1153,0.2859863,-0.211498,0.09231669,
1154,0.2859863,-0.211498,0.09231669,
1155,0.9698136,-0.1062374,-1.051384,
1156,0.9698136,-0.1062374,-1.051384,
1157,0.9698136,-0.1062374,-1.051384,
1158,1.316368,0.5807648,-1.446783,
1159,1.316368,0.5807648,-1.446783,
1160,1.316368,0.5807648,-1.446783,
1161,0.6415765,0.3834317,-0.9065596,
1162,0.6415765,0.3834317,-0.9065596,
1163,0.6415765,0.3834317,-0.9065596,
1164,0.7483025,0.6020122,-0.8315828,
1165,0.7483025,0.6020122,-0.8315828,
1166,0.7483025,0.6020122,-0.8315828,
1167,0.6576954,0.6149561,-0.5959066,
1168,0.6576954,0.6149561,-0.5959066,
1169,0.6576954,0.6149561,-0.5959066,
1170,-1.080203,0.7214378,0.686758,
1171,-1.080203,0.7214378,0.686758,
1172,-1.080203,0.7214378,0.686758,
1173,-1.176671,0.8279195,0.7568502,
1174,-1.176671,0.8279195,0.7568502,
1175,0.6994576,-0.8792065,-0.1223562,
1176,0.6144677,-0.7214378,-0.1301714,
1177,0.6144677,-0.7214378,-0.1301714,
1178,0.6144677,-0.7214378,-0.1301714,
1179,0.1868314,-0.5971277,-0.3111414,
1180,0.1868314,-0.5971277,-0.3111414,
1181,0.1768182,-0.5670882,-0.5160454,
1182,0.01782835,-0.427392,-0.7226589,
1183,0.01782835,-0.427392,-0.7226589,
1184,-0.04078541,-0.2908708,-0.9905727,
1185,0.1377424,-0.3218873,-1.271186,
1186,0.1377424,-0.3218873,-1.271186,
1187,0.4618276,-0.3734185,-1.334684,
1188,0.3897816,-0.366336,-1.320519,
1189,0.3897816,-0.366336,-1.320519,
1190,0.2176036,-0.315049,-1.371318,
1191,0.2996629,-0.3018609,-1.382552,
1192,0.2996629,-0.3018609,-1.382552,
1193,0.4386264,-0.3089434,-1.073365,
1194,0.2417818,-0.3035704,-0.9536948,
1195,0.2417818,-0.3035704,-0.9536948,
1196,0.2180921,-0.3289697,-0.8831141,
1197,0.2180921,-0.3289697,-0.8831141,
1198,0.2180921,-0.3289697,-0.8831141,
1199,0.1926928,-0.3028378,-0.8542957,
1200,0.199531,-0.2774385,-0.8237677,
1201,0.199531,-0.2774385,-0.8237677,
1202,0.199531,-0.2774385,-0.8237677,
1203,0.1091681,-0.2447125,-0.9295167,
1204,0.1091681,-0.2447125,-0.9295167,
1205,0.1091681,-0.2447125,-0.9295167,
1206,0.09988763,-0.1961119,-1.009378,
1207,0.09988763,-0.1961119,-1.009378,
1208,0.09988763,-0.1961119,-1.009378,
1209,0.04762369,-0.1216236,-1.062374,
1210,0.1272407,-0.1218678,-1.023054,
1211,0.1272407,-0.1218678,-1.023054,
1212,0.1399404,-0.1167391,-0.9817806,
1213,0.1399404,-0.1167391,-0.9817806,
1214,-0.09891073,-0.02564352,-0.9251206,
1215,-0.07766324,-0.009768961,-0.8789623,
1216,-0.07766324,-0.009768961,-0.8789623,
1217,-0.07766324,-0.009768961,-0.8789623,
1218,-0.03467981,-0.01709568,-0.8428171,
1219,-0.0507986,-0.005372928,-0.9028962,
1220,-0.0507986,-0.005372928,-0.9028962,
1221,-0.05836954,0.07180186,-1.508083,
1222,0.03687783,-0.09695694,-0.9002097,
1223,0.03687783,-0.09695694,-0.9002097,
1224,-0.1983099,0.03565671,-0.5888241,
1225,-0.1531285,-0.003907585,-0.8015433,
1226,-0.1531285,-0.003907585,-0.8015433,
1227,-0.09036289,0.01367655,-0.9055827,
1228,-0.04054119,-0.02979533,-1.022078,
1229,-0.04054119,-0.02979533,-1.022078,
1230,0.01807258,-0.04689101,-0.9913054,
1231,0.01685146,-0.0761979,-1.014995,
1232,0.01685146,-0.0761979,-1.014995,
1233,-0.1001318,-0.007082497,-0.9895958,
1234,-0.04493722,-0.03443559,-0.8726125,
1235,-0.04493722,-0.03443559,-0.8726125,
1236,-0.075221,0.005617152,-1.016705,
1237,-0.03126068,0.001953792,-1.060421,
1238,-0.03126068,0.001953792,-1.060421,
1239,-0.05812532,0.04737946,-1.051629,
1240,-0.05812532,0.04737946,-1.051629,
1241,-0.03687783,-0.01856103,-1.020612,
1242,-0.05104282,-0.1001318,-1.006936,
1243,-0.05104282,-0.1001318,-1.006936,
1244,-0.02466663,-0.09060711,-0.9722559,
1245,-0.02466663,-0.09060711,-0.9722559,
1246,-0.07302298,-0.0244224,-1.020612,
1247,-0.06594049,-0.001953792,-0.9878863,
1248,-0.06594049,-0.001953792,-0.9878863,
1249,-0.06594049,-0.001953792,-0.9878863,
1250,-0.07888436,-0.06252135,-1.005226,
1251,-0.07888436,-0.06252135,-1.005226,
1252,-0.07888436,-0.06252135,-1.005226,
1253,-0.01001319,-0.04054119,-1.018658,
1254,-0.01001319,-0.04054119,-1.018658,
1255,-0.01001319,-0.04054119,-1.018658,
1256,0.009524737,-0.01269965,-1.003272,
1257,0.009524737,-0.01269965,-1.003272,
1258,0.009524737,-0.01269965,-1.003272,
1259,0.008547841,0.04444877,-1.00083,
1260,0.008547841,0.04444877,-1.00083,
1261,-0.008303617,0.02710887,-1.035266,
1262,-0.01074586,-0.08987444,-1.003517,
1263,-0.01074586,-0.08987444,-1.003517,
1264,-0.04689101,0.02149171,-1.009866,
1265,-0.04689101,0.02149171,-1.009866,
1266,-0.04689101,0.02149171,-1.009866,
1267,-0.01978215,-0.03785472,-1.003761,
1268,-0.01978215,-0.03785472,-1.003761,
1269,-0.0183168,-0.01367655,-1.012064,
1270,-0.0183168,-0.01367655,-1.012064,
1271,-0.03370291,0.06862696,-1.014751,
1272,-0.03370291,0.06862696,-1.014751,
1273,-0.01538611,0.02662042,-1.009134,
1274,-0.02393396,-0.03980852,-1.00718,
1275,-0.02393396,-0.03980852,-1.00718,
1276,-0.02393396,-0.03980852,-1.00718,
1277,-0.02393396,-0.03443559,-1.01011,
1278,-0.02393396,-0.03443559,-1.01011,
1279,-0.02393396,-0.03443559,-1.01011,
1280,-0.02173594,-0.03297025,-1.008401,
1281,-0.02173594,-0.03297025,-1.008401,
1282,-0.02198016,-0.0324818,-1.007913,
1283,-0.02198016,-0.0324818,-1.007913,
1284,-0.02198016,-0.0324818,-1.007913,
1285,-0.02320128,-0.03443559,-1.008645,
1286,-0.02344551,-0.03419136,-1.007913,
1287,-0.02344551,-0.03419136,-1.007913,
1288,-0.02344551,-0.03419136,-1.007913,
1289,-0.02222439,-0.03345869,-1.008157,
1290,-0.02222439,-0.03345869,-1.008157,
1291,-0.02222439,-0.03345869,-1.008157,
1292,-0.02051482,-0.03443559,-1.010599,
1293,-0.02051482,-0.03443559,-1.010599,
1294,-0.02051482,-0.03443559,-1.010599,
1295,-0.02246861,-0.03492404,-1.008645,
1296,-0.02246861,-0.03492404,-1.008645,
1297,-0.02295706,-0.03297025,-1.008157,
1298,-0.02246861,-0.03297025,-1.007424,
1299,-0.02246861,-0.03297025,-1.007424,
1300,-0.02246861,-0.03297025,-1.007424,
1301,-0.02075904,-0.0324818,-1.008401,
1302,-0.02075904,-0.0324818,-1.008401,
1303,-0.02295706,-0.03394714,-1.007668,
1304,-0.02320128,-0.03419136,-1.00889,
1305,-0.02320128,-0.03419136,-1.00889,
1306,-0.02368973,-0.03321447,-1.009134,
1307,-0.02368973,-0.03321447,-1.009134,
1308,-0.02246861,-0.03492404,-1.008645,
1309,-0.02246861,-0.03297025,-1.008645,
1310,-0.02246861,-0.03297025,-1.008645,
1311,-0.02320128,-0.03272602,-1.008401,
1312,-0.02320128,-0.03321447,-1.00889,
1313,-0.02320128,-0.03321447,-1.00889,
1314,-0.02344551,-0.03419136,-1.009378,
1315,-0.02344551,-0.03419136,-1.009378,
1316,-0.02344551,-0.03419136,-1.009378,
1317,-0.02149171,-0.03492404,-1.007668,
1318,-0.02222439,-0.0315049,-1.009866,
1319,-0.02393396,-0.03028378,-1.008157,
1320,-0.02393396,-0.03028378,-1.008157,
1321,-0.02344551,-0.03297025,-1.006936,
1322,-0.02344551,-0.03297025,-1.006936,
1323,-0.02271283,-0.03394714,-1.008645,
1324,-0.02198016,-0.03272602,-1.008401,
1325,-0.02320128,-0.03297025,-1.01182,
1326,-0.02320128,-0.03297025,-1.01182,
1327,-0.02246861,-0.03370291,-1.009378,
1328,-0.02246861,-0.03370291,-1.009378,
1329,-0.02344551,-0.03174912,-1.009134,
1330,-0.02271283,-0.03345869,-1.007668,
1331,-0.02246861,-0.03467981,-1.01011,
1332,-0.02246861,-0.03467981,-1.01011,
1333,-0.02075904,-0.03394714,-1.008645,
1334,-0.02075904,-0.03394714,-1.008645,
1335,-0.02075904,-0.03394714,-1.008645,
1336,-0.02222439,-0.03321447,-1.00889,
1337,-0.02295706,-0.03199335,-1.00889,
1338,-0.02295706,-0.03199335,-1.00889,
1339,-0.02295706,-0.03467981,-1.007913,
1340,-0.02295706,-0.03467981,-1.007913,
1341,-0.02320128,-0.03565671,-1.01011,
1342,-0.02295706,-0.03394714,-1.007913,
1343,-0.02295706,-0.03394714,-1.007913,
1344,-0.02198016,-0.03321447,-1.009378,
1345,-0.02222439,-0.03321447,-1.010843,
1346,-0.02222439,-0.03321447,-1.010843,
1347,-0.0244224,-0.03394714,-1.00889,
1348,-0.02271283,-0.03443559,-1.009134,
1349,-0.02271283,-0.03443559,-1.009134,
1350,-0.02271283,-0.03394714,-1.01182,
1351,-0.02271283,-0.03394714,-1.01182,
1352,-0.02271283,-0.03394714,-1.01182,
1353,-0.02198016,-0.03223757,-1.00889,
1354,-0.02198016,-0.03223757,-1.00889,
1355,-0.02198016,-0.03223757,-1.00889,
1356,-0.02344551,-0.03370291,-1.010599,
1357,-0.02344551,-0.03370291,-1.010599,
1358,-0.02344551,-0.03370291,-1.010599,
1359,-0.02271283,-0.03345869,-1.008645,
1360,-0.02271283,-0.03345869,-1.008645,
1361,-0.02222439,-0.03297025,-1.009134,
1362,-0.02222439,-0.03297025,-1.009866,
1363,-0.02222439,-0.03297025,-1.009866,
1364,-0.02198016,-0.03297025,-1.009134,
1365,-0.02198016,-0.03297025,-1.009134,
1366,-0.02198016,-0.03297025,-1.009134,
1367,-0.02246861,-0.03321447,-1.006447,
1368,-0.02173594,-0.03174912,-1.007913,
1369,-0.02173594,-0.03174912,-1.007913,
1370,-0.02320128,-0.03297025,-1.00889,
1371,-0.02320128,-0.03297025,-1.00889,
1372,-0.02344551,-0.03419136,-1.00889,
1373,-0.02344551,-0.03419136,-1.00889,
1374,-0.02271283,-0.03419136,-1.010355,
1375,-0.02271283,-0.03419136,-1.010355,
1376,-0.02198016,-0.03126068,-1.009866,
1377,-0.02198016,-0.03126068,-1.009866,
1378,-0.02198016,-0.03126068,-1.009866,
1379,-0.0244224,-0.03516826,-1.011088,
1380,-0.0244224,-0.03516826,-1.011088,
1381,-0.0244224,-0.03516826,-1.011088,
1382,-0.02222439,-0.0324818,-1.010843,
1383,-0.02222439,-0.0324818,-1.010843,
1384,-0.02222439,-0.0324818,-1.010843,
1385,-0.02075904,-0.03443559,-1.008157,
1386,-0.02075904,-0.03443559,-1.008157,
1387,-0.02075904,-0.03443559,-1.008157,
1388,-0.02100327,-0.0315049,-1.009866,
1389,-0.02100327,-0.0315049,-1.009866,
1390,-0.02100327,-0.0315049,-1.009866,
1391,-0.02515507,-0.03419136,-1.008401,
1392,-0.02515507,-0.03419136,-1.008401,
1393,-0.02515507,-0.03419136,-1.008401,
1394,-0.01953792,-0.03345869,-1.01011,
1395,-0.01953792,-0.03345869,-1.01011,
1396,-0.02222439,-0.03297025,-1.01011,
1397,-0.02515507,-0.03394714,-1.008401,
1398,-0.02515507,-0.03394714,-1.008401,
